surah_id,surah_myanmar_name
1,"‘အံ့မခန်းဖွယ် စီမံမှု’ ကဏ္ဍ (၁)"
2,"‘နွားမ’ ကဏ္ဍ (၂)"
3,"အင်မ်ရာန်မျိုးနွယ် ကဏ္ဍ (၃)"
4,"အမျိုးသမီးများ ကဏ္ဍ (၄)"
5,"စားဖွယ်အခင်းအကျင်း ကဏ္ဍ (၅)"
6,"ခြေလေးချောင်း တိရစ္ဆာန်များ ကဏ္ဍ (၆)"
7,"အသိအမှတ်ပြုခံရသောအဆင့်အတန်းများ ကဏ္ဍ (၇)"
8,"သတ်မှတ်ချက်ထက်ပိုသောအရာများ ကဏ္ဍ (၈)"
9,"တာဝန်ကင်းခြင်း ကဏ္ဍ (၉)"
10,"‘ယူနုစ်’ ကဏ္ဍ (၁၀)"
11,"‘ဟူးဒ်’ ကဏ္ဍ (၁၁)"
12,"‘ယူစုဖှ်’ ကဏ္ဍ (၁၂)"
13,"‘မိုးချုန်းသံ’ ကဏ္ဍ (၁၃)"
14,"‘အိဗ်ရာဟီမ်’ ကဏ္ဍ (၁၄)"
15,"‘လူ့အသိဉာဏ်၊ အမြော်အမြင်’ ကဏ္ဍ (၁၅)"
16,"‘ပျား’ ကဏ္ဍ (၁၆)"
17,"‘ညဥ့်ခရီး’ ကဏ္ဍ (၁၇)"
18,"‘လိုဏ်ဂူ’ ကဏ္ဍ (၁၈)"
19,"‘မရ်ယန်မ်’ ကဏ္ဍ (၁၉)"
20,"‘တွော်၊ ဟာ’ ကဏ္ဍ (၂၀)"
21,"‘နဗီများ’ ကဏ္ဍ (၂၁)"
22,"‘ကမ္ဘာ့ညီလာခံ’ ကဏ္ဍ (၂၂)"
23,"‘လုံခြုံမှုကို ယုံကြည်ချက်ဖြင့် တည်ဆောက်သူများ’ ကဏ္ဍ (၂၃)"
24,"‘လင်းရောင်ခြည်’ ကဏ္ဍ (၂၄)"
25,"‘အမှားအမှန်ကို ကွဲပြားစေသောမှတ်ကျောက်’ ကဏ္ဍ (၂၅)"
26,"‘ကဗျာဆရာများ’ ကဏ္ဍ (၂၆)"
27,"‘နမ်လ်(မျိုးနွယ်စု)’ ကဏ္ဍ (၂၇)"
28,"‘အတ္ထုပ္ပတ္တိ’ ကဏ္ဍ (၂၈)"
29,"‘ပင့်ကူကောင်’ ကဏ္ဍ (၂၉)"
30,"‘ရောမ’ ကဏ္ဍ (၃၀)"
31,"‘လွတ်က်မာန်’ ကဏ္ဍ (၃၁)"
32,"‘ကျိုးနွံ နာခံခြင်း’ ကဏ္ဍ (၃၂)"
33,"‘မဟာမိတ်များ’ ကဏ္ဍ (၃၃)"
34,"‘ရှီဘာ’ ကဏ္ဍ (၃၄)"
35,"‘စတင် ဖြစ်ထွန်းစေသူ’ ကဏ္ဍ (၃၅)"
36,"‘ယာ၊ စီးန်’ ကဏ္ဍ (၃၆)"
37,"‘တန်းစီနေသူများ’ ကဏ္ဍ (၃၇)"
38,"‘ဆွောဒ်’ ကဏ္ဍ (၃၈)"
39,"‘အုပ်စုများ’ ကဏ္ဍ (၃၉)"
40,"‘ဆိုးကျိုးများမှ ကာကွယ်သောအရှင်’ ကဏ္ဍ (၄၀)"
41,"‘အခန်းကဏ္ဍအလိုက် ရှင်းလင်းပြီးသော’ ကဏ္ဍ (၄၁)"
42,"‘ဆွေးနွေးတိုင်ပင်ခြင်း’ ကဏ္ဍ (၄၂)"
43,"‘ရွှေဖြင့်ဆင်ယင်ခြင်း’ ကဏ္ဍ (၄၃)"
44,"‘အခိုးအငွေ့’ ကဏ္ဍ (၄၄)"
45,"‘ဒူးထောက်ခြင်း’ ကဏ္ဍ (၄၅)"
46,"‘သဲတောင်များ’ ကဏ္ဍ (၄၆)"
47,"‘မုဟမ္မဒ်’ ကဏ္ဍ (၄၇)"
48,"‘အောင်နိုင်ခြင်း’ ကဏ္ဍ (၄၈)"
49,"‘အသိဉာဏ်တံခါးများ’ ကဏ္ဍ (၄၉)"
50,"‘ကွောဖှ်’ ကဏ္ဍ (၅၀)"
51,"‘ဖြစ်ထွန်းမှုစနစ်ကို ပျံ့နှံ့စေသူများ’ ကဏ္ဍ (၅၁)"
52,"‘လူ့ဘဝ လမ်းညွှန်၏ အခြေတည်ရာ’ ကဏ္ဍ (၅၂)"
53,"‘လမ်းပြ ကြယ်များ’ ကဏ္ဍ (၅၃)"
54,"‘လ(ဝါ)ဓနရှင် အင်အားစု၏ သင်္ကေတ’ ကဏ္ဍ (၅၄)"
55,"‘လုံခြုံမှုပါဝင်သော ထောက်ပံ့မြှင့်တင်ရှင်’ ကဏ္ဍ (၅၅)"
56,"‘အကျိုးဆက်အဖြစ်ပုံပေါ်မည့်အဖြစ်အပျက်’ ကဏ္ဍ (၅၆)"
57,"‘သံ(ဝါ)စူးရှ ထက်မြက်၍ ထွင်းဖောက်နိုင်သော’ ကဏ္ဍ (၅၇)"
58,"‘အငြင်းအခုံပြုခြင်း’ ကဏ္ဍ (၅၈)"
59,"‘စုရုံးခြင်း’ ကဏ္ဍ (၅၉)"
60,"‘စိစစ်ခြင်း’ ကဏ္ဍ (၆၀)"
61,"‘ရင်ပေါင်တန်းခြင်း’ ကဏ္ဍ (၆၁)"
62,"‘စုဝေးပွဲ’ ကဏ္ဍ (၆၂)"
63,"‘အယောင်ဆောင်သူများ’ ကဏ္ဍ (၆၃)"
64,"‘အနိုင်အရှုံး ပေါ်လွင်ခြင်း’ ကဏ္ဍ (၆၄)"
65,"‘ကွာရှင်းပြတ်စဲခြင်း’ ကဏ္ဍ (၆၅)"
66,"‘တားမြစ်ထားအရာအဖြစ်ပြုလုပ်ခြင်း’ ကဏ္ဍ (၆၆)"
67,"‘အုပ်ချုပ်မှုအာဏာ’ ကဏ္ဍ (၆၇)"
68,"‘ကလောင်တံ’ ကဏ္ဍ (၆၈)"
69,"‘မုချ ဖြစ်ပေါ်လာမည့်အမှုကိစ္စ’ ကဏ္ဍ (၆၉)"
70,"‘လှေကားထစ်များ’ ကဏ္ဍ (၇၀)"
71,"‘နူးဟ်’ ကဏ္ဍ (၇၁)"
72,"‘ရေကြည်ရာ မြက်နုရာ သွားလာနေထိုင်ကြသောအုပ်စု’ ကဏ္ဍ (၇၂)"
73,"‘ရစူလ်ဖြစ်မှုတာဝန်ကို ထမ်းရွက်သူ’ ကဏ္ဍ (၇၃)"
74,"‘လူ့ဘောင်သစ်ကို ဆောင်ကြဉ်းလာသူ’ ကဏ္ဍ (၇၄)"
75,"‘ရလဒ်များ အပြည့်အဝ ပုံပေါ်လာသော’ ကဏ္ဍ (၇၅)"
76,"‘အစုအဖွဲ့နှင့် ပေါင်းစည်းနေထိုင်သောလူသား’ ကဏ္ဍ (၇၆)"
77,"‘စေလွှတ်ခံရသူများ’ ကဏ္ဍ (၇၇)"
78,"‘မုသားကင်းသော သတင်းကြီး’ ကဏ္ဍ (၇၈)"
79,"‘ဆွဲယူ ဖော်ထုတ်ပေးသူများ’ ကဏ္ဍ (၇၉)"
80,"‘မျက်မှောင်ကြုတ်သည်’ ကဏ္ဍ (၈၀)"
81,"‘ရစ်ပတ်၊ လိပ်ခေါက်ခြင်း’ ကဏ္ဍ (၈၁)"
82,"‘အက်ကွဲ၊ စုတ်ပြတ်ခြင်း’ ကဏ္ဍ (၈၂)"
83,"‘စီးပွားရေးတွင် ဖြောင့်မတ်မှု မရှိခြင်း’ ကဏ္ဍ (၈၃)"
84,"‘အက်ကွဲခြင်း’ ကဏ္ဍ (၈၄)"
85,"‘နဂါးငွေ့တန်းများ’ ကဏ္ဍ (၈၅)"
86,"‘အမှောင်ခွင်း၍ အလင်းဆောင်သူ’ ကဏ္ဍ (၈၆)"
87,"‘အထွတ်အထိပ်’ ကဏ္ဍ (၈၇)"
88,"‘ဖုံးလွှမ်းမည့်ဖြစ်ရပ်’ ကဏ္ဍ (၈၈)"
89,"‘ထွင်းဖောက်မှုစွမ်းရည်’ ကဏ္ဍ (၈၉)"
90,"‘မြို့တော်’ ကဏ္ဍ (၉၀)"
91,"‘သူရိယ(နေ)’ ကဏ္ဍ (၉၁)"
92,"‘ညဥ့်အမှောင်’ ကဏ္ဍ (၉၂)"
93,"‘ထွန်းတောက်ချိန်’ ကဏ္ဍ (၉၃)"
94,"‘ကျယ်ဝန်းစေခြင်း’ ကဏ္ဍ (၉၄)"
95,"‘သဖန်းတောင်’ ကဏ္ဍ (၉၅)"
96,"‘တွယ်ကပ်ခြင်း’ ကဏ္ဍ (၉၆)"
97,"‘စံတန်ဖိုးသတ်မှတ်ခြင်း’ ကဏ္ဍ (၉၇)"
98,"‘ရှင်းလင်းသော အထောက်အထား’ ကဏ္ဍ (၉၈)"
99,"‘ထက်အောက် လှန်လှောခြင်း’ ကဏ္ဍ (၉၉)"
100,"‘အရှိန်အဟုန်ဖြင့် ပြေးလွှားသောမြင်းများ’ ကဏ္ဍ (၁၀၀)"
101,"‘ဆိုးရွားသော အကျိုးဆက်’ ကဏ္ဍ (၁၀၁)"
102,"‘ပေါများကြွယ်ဝရန် ပြိုင်ဆိုင်ခြင်း’ ကဏ္ဍ (၁၀၂)"
103,"‘ခေတ်ကာလ(ဝါ)လူ့သမိုင်း’ ကဏ္ဍ (၁၀၃)"
104,"‘စိတ်ဝမ်းကွဲစေသူ’ ကဏ္ဍ (၁၀၄)"
105,"‘အတွေးအခေါ် နိမ့်ကျသူ’ ကဏ္ဍ (၁၀၅)"
106,"‘စီးပွားရေးတွင် လက်ဦးမှုရရှိသောအုပ်စု’ ကဏ္ဍ (၁၀၆)"
107,"‘တန်းတူညီမျှ ရပိုင်ခွင့်’ ကဏ္ဍ (၁၀၇)"
108,"‘ကောင်းခြင်းများ စုစည်းနေမှု(ဝါ)ကုရ်အာန်’ ကဏ္ဍ (၁၀၈)"
109,"‘လုံခြုံမှုကို သွေဖည်ဆန့်ကျင်သူများ’ ကဏ္ဍ (၁၀၉)"
110,"‘ကူညီစောင်မမှု’ ကဏ္ဍ (၁၁၀)"
111,"‘မီးလျှံ’ ကဏ္ဍ (၁၁၁)"
112,"‘အချုပ်အနှောင်ကင်းသောအရှင်’ ကဏ္ဍ (၁၁၂)"
113,"‘အောင်မြင်မှု၏ အသီးအပွင့်တို့ ဖြစ်ထွန်းလာခြင်း’ ကဏ္ဍ (၁၁၃)"
114,"‘လူ့အဖွဲ့အစည်း’ ကဏ္ဍ (၁၁၄)"